"buyer_product_id","buyer_id","product_id"
"26","14","12"
"30","18","17"
"32","20","9"
"33","20","12"
"34","20","10"
"35","21","26"
"36","22","26"
"37","22","2"
"38","22","59"
"39","22","20"
"40","23","9"
"41","23","35"
"42","23","12"
"43","23","10"
"44","24","26"
"45","24","21"
"46","24","25"
"47","24","20"
"48","25","3"
"49","26","9"
"50","26","10"
"51","26","19"
"52","27","48"
"53","28","25"
"54","28","41"
"55","28","20"
"56","28","19"
"57","29","41"
"58","29","20"
"59","29","19"
"60","30","9"
"61","30","12"
"62","31","25"
"63","31","20"
"65","33","17"
"66","34","17"
"67","35","17"
"68","35","19"
"69","36","31"
"70","37","1"
"71","37","59"
"72","40","17"
"73","41","13"
"74","42","11"
"75","42","17"
"76","43","20"
"77","43","19"
"78","44","17"
"79","44","19"
"80","45","26"
"81","46","6"
"82","47","25"
"83","48","58"
"84","49","15"
"85","49","19"
"86","51","31"
"87","51","11"
"88","51","17"
"89","52","9"
"90","53","23"
"91","53","20"
"92","53","17"
"93","53","19"
"94","54","11"
"95","55","20"
"96","55","19"
"97","56","17"
"98","57","25"
"99","57","10"
"100","57","20"
"101","57","17"
"102","57","15"
"103","57","19"
"104","58","17"
"105","59","31"
"106","60","1"
"107","60","5"
"109","62","48"
"111","64","12"
"112","64","20"
"113","64","19"
"114","65","17"
"115","66","26"
"116","67","25"
"118","69","26"
"119","70","55"
"122","72","25"
"123","72","10"
"124","72","20"
"125","72","17"
"126","72","19"
"127","73","11"
"128","73","12"
"129","73","17"
"130","74","11"
"131","74","12"
"132","74","25"
"133","74","20"
"134","74","19"
"135","75","9"
"136","76","16"
"137","76","2"
"138","76","5"
"141","79","9"
"142","79","13"
"143","79","11"
"144","79","10"
"145","79","17"
"146","81","13"
"147","81","11"
"148","82","12"
"150","84","11"
"151","84","12"
"152","85","11"
"153","85","17"
"154","86","11"
"155","86","12"
"156","87","11"
"157","88","11"
"158","89","9"
"159","89","10"
"160","90","11"
"161","90","12"
"162","91","11"
"163","91","12"
"164","92","23"
"165","92","11"
"166","92","20"
"167","92","17"
"168","93","59"
"169","94","26"
"173","96","11"
"174","96","12"
"175","97","17"
"176","98","41"
"177","99","56"
"178","100","17"
"179","101","25"
"180","101","20"
"181","101","17"
"182","102","12"
"183","102","25"
"184","102","14"
"185","102","10"
"186","102","20"
"187","102","17"
"188","102","15"
"189","102","19"
"190","103","17"
"191","104","26"
"193","106","9"
"194","107","13"
"195","108","11"
"196","109","17"
"197","110","26"
"198","112","20"
"199","113","11"
"200","113","12"
"201","113","17"
"202","114","58"
"203","115","26"
"204","116","12"
"205","117","4"
"206","118","19"
"207","119","11"
"208","119","12"
"209","119","17"
"211","122","12"
"212","122","14"
"213","122","10"
"214","123","26"
"215","124","26"
"216","125","13"
"217","125","12"
"218","126","20"
"219","126","19"
"220","127","17"
"221","128","17"
"222","129","11"
"224","133","17"
"225","134","9"
"226","135","17"
"227","136","13"
"228","136","11"
"229","136","12"
"230","137","12"
"231","137","25"
"232","137","20"
"233","138","25"
"234","140","25"
"235","140","17"
"236","141","9"
"237","142","25"
"238","142","19"
"239","143","12"
"240","143","20"
"241","143","17"
"242","144","17"
"243","145","9"
"244","145","12"
"247","148","26"
"248","149","17"
"249","150","11"
"250","150","12"
"251","151","12"
"252","152","2"
"253","152","59"
"254","153","26"
"255","153","17"
"256","154","12"
"257","154","20"
"258","154","17"
"259","155","26"
"260","156","55"
"262","158","20"
"263","159","19"
"265","161","17"
"267","163","12"
"268","163","25"
"269","163","14"
"270","163","10"
"271","163","20"
"272","163","17"
"273","163","15"
"274","163","19"
"275","164","12"
"276","165","2"
"277","166","26"
"278","167","48"
"279","168","17"
"280","169","17"
"281","170","9"
"282","170","21"
"283","170","12"
"284","170","20"
"285","170","17"
"286","171","55"
"287","172","24"
"288","172","25"
"289","172","17"
"290","173","2"
"291","173","5"
"292","174","11"
"294","176","48"
"295","177","17"
"296","178","20"
"297","178","17"
"299","180","12"
"300","180","25"
"301","180","10"
"302","180","20"
"303","180","17"
"304","180","19"
"305","181","26"
"306","182","26"
"307","183","11"
"308","185","17"
"309","186","16"
"310","186","4"
"311","186","5"
"312","187","17"
"313","188","17"
"314","190","2"
"315","190","5"
"316","191","26"
"318","193","11"
"319","193","12"
"320","193","20"
"321","193","17"
"322","194","10"
"323","194","17"
"324","194","15"
"325","194","19"
"326","195","11"
"327","196","24"
"328","197","9"
"329","197","11"
"330","197","10"
"331","198","23"
"332","199","24"
"339","202","13"
"340","202","17"
"341","203","11"
"342","203","20"
"343","204","11"
"344","204","12"
"345","204","20"
"346","204","19"
"347","205","11"
"348","205","17"
"349","206","20"
"350","206","19"
"351","207","26"
"352","207","20"
"353","208","11"
"354","208","24"
"355","208","25"
"357","210","11"
"362","212","11"
"363","213","12"
"364","213","20"
"365","213","17"
"366","213","19"
"367","214","23"
"368","214","13"
"369","214","11"
"370","214","18"
"371","214","17"
"372","215","9"
"374","217","26"
"375","219","12"
"376","219","17"
"377","220","4"
"378","220","5"
"379","221","2"
"380","221","59"
"381","222","11"
"382","222","12"
"383","222","20"
"384","223","13"
"385","223","11"
"386","223","12"
"387","224","6"
"388","226","12"
"391","230","11"
"392","231","19"
"393","232","11"
"394","232","12"
"395","232","20"
"396","232","17"
"397","233","37"
"400","235","2"
"401","235","5"
"402","236","9"
"403","236","10"
"404","237","2"
"405","237","5"
"406","238","23"
"407","238","13"
"408","238","25"
"409","238","20"
"410","239","25"
"411","240","11"
"412","241","26"
"413","242","26"
"414","243","26"
"415","244","11"
"416","245","20"
"417","246","26"
"418","247","20"
"419","248","11"
"420","248","17"
"421","249","17"
"422","250","13"
"423","251","24"
"424","252","26"
"425","252","17"
"426","253","26"
"427","254","20"
"428","255","17"
"429","256","41"
"430","257","24"
"431","258","13"
"432","258","11"
"433","258","12"
"434","259","37"
"435","260","11"
"436","261","23"
"437","261","17"
"438","262","26"
"439","263","26"
"440","264","26"
"441","265","11"
"442","266","26"
"443","267","11"
"444","267","12"
"445","267","20"
"446","267","17"
"448","269","37"
"449","269","2"
"450","269","5"
"451","271","26"
"452","272","7"
"453","272","35"
"454","272","2"
"455","273","26"
"456","274","31"
"457","275","17"
"458","275","19"
"459","276","12"
"460","277","7"
"461","277","10"
"462","278","11"
"463","279","12"
"464","280","9"
"465","281","26"
"466","282","11"
"467","283","15"
"468","284","26"
"469","285","26"
"470","286","26"
"471","287","17"
"472","288","5"
"473","289","26"
"474","290","2"
"475","290","5"
"476","291","17"
"477","292","40"
"478","293","7"
"479","293","2"
"480","294","40"
"481","295","37"
"482","296","17"
"483","297","13"
"484","298","35"
"485","298","2"
"486","298","5"
"487","299","35"
"488","300","17"
"489","301","2"
"490","301","5"
"491","302","37"
"492","303","2"
"493","303","6"
"494","304","26"
"495","305","2"
"497","307","17"
"498","308","11"
"499","308","12"
"500","309","9"
"501","309","12"
"502","309","10"
"503","310","12"
"504","310","10"
"505","310","20"
"506","310","17"
"507","310","19"
"508","311","11"
"509","311","12"
"510","311","17"
"511","312","20"
"512","313","47"
"513","314","9"
"514","314","21"
"515","314","12"
"516","314","17"
"517","315","20"
"518","316","9"
"519","316","11"
"520","316","12"
"521","317","12"
"522","317","20"
"523","318","10"
"524","319","17"
"525","320","11"
"526","320","12"
"527","321","14"
"528","322","12"
"529","322","20"
"530","322","19"
"531","323","17"
"532","324","11"
"533","325","26"
"534","326","26"
"535","326","20"
"536","327","48"
"537","328","48"
"540","330","26"
"542","332","12"
"544","334","26"
"545","335","9"
"546","335","12"
"547","335","20"
"548","336","48"
"549","337","12"
"550","337","10"
"551","337","17"
"552","338","9"
"553","338","12"
"554","339","11"
"555","339","12"
"556","339","17"
"559","341","11"
"560","341","17"
"561","342","11"
"562","343","20"
"563","343","17"
"564","343","19"
"565","344","11"
"566","345","9"
"567","346","9"
"568","346","13"
"569","347","48"
"570","348","48"
"571","349","26"
"572","350","12"
"573","350","17"
"574","351","17"
"575","352","21"
"576","352","20"
"577","352","19"
"578","353","48"
"580","355","11"
"581","355","12"
"582","355","20"
"583","356","48"
"584","357","26"
"585","358","12"
"586","359","17"
"587","360","25"
"588","361","21"
"589","361","20"
"590","361","19"
"591","362","17"
"592","363","9"
"593","363","12"
"594","363","10"
"595","363","20"
"596","364","26"
"597","365","31"
"598","366","48"
"599","367","17"
"600","368","2"
"601","368","59"
"602","369","26"
"603","370","48"
"604","371","31"
"605","372","21"
"606","372","20"
"607","373","21"
"608","373","12"
"609","373","20"
"610","373","17"
"611","374","17"
"612","374","19"
"613","375","11"
"617","377","13"
"618","377","11"
"619","377","20"
"621","379","12"
"622","380","17"
"623","381","26"
"624","382","11"
"625","383","11"
"626","383","17"
"627","384","48"
"628","385","14"
"629","386","48"
"632","388","57"
"633","389","11"
"634","390","15"
"635","391","15"
"636","392","12"
"637","392","10"
"638","392","20"
"639","392","17"
"640","392","19"
"644","394","26"
"645","395","17"
"646","396","57"
"651","400","40"
"652","401","3"
"653","401","1"
"655","403","48"
"656","404","55"
"657","405","55"
"660","408","57"
"662","410","55"
"663","411","48"
"664","412","55"
"667","415","48"
"668","416","55"
"669","417","57"
"670","418","4"
"671","419","3"
"674","422","57"
"676","424","48"
"678","426","55"
"679","427","55"
"680","428","55"
"681","429","55"
"682","430","55"
"684","432","55"
"685","433","2"
"688","436","55"
"691","439","48"
"692","440","55"
"693","441","57"
"694","442","4"
"695","442","3"
"696","443","48"
"697","444","55"
"700","447","48"
"701","448","58"
"702","449","55"
"703","450","55"
"704","451","47"
"705","452","55"
"706","454","48"
"707","455","57"
"708","456","55"
"709","457","1"
"710","458","55"
"711","459","47"
"712","460","55"
"713","461","47"
"715","463","4"
"716","464","57"
"717","465","2"
"718","466","47"
"719","467","47"
"720","468","55"
"721","469","55"
"722","470","48"
"723","471","2"
"724","471","6"
"725","472","48"
"726","473","2"
"727","474","1"
"728","475","48"
"729","476","55"
"730","477","55"
"731","478","2"
"733","480","55"
"734","481","56"
"735","482","13"
"736","483","48"
"737","484","55"
"739","486","4"
"740","487","4"
"741","488","55"
"742","489","55"
"743","490","55"
"744","491","48"
"745","492","48"
"746","493","48"
"749","495","44"
"750","496","26"
"751","497","25"
"764","511","25"
"775","525","25"
"776","526","25"
"777","527","25"
"778","528","25"
"779","529","25"
"780","530","25"
"781","531","24"
"782","532","24"
"783","533","24"
"784","534","24"
"785","535","24"
"786","536","24"
"787","537","24"
"788","539","24"
"789","540","24"
"790","541","24"
"791","542","24"
"792","543","24"
"793","544","24"
"794","545","24"
"795","546","24"
"796","547","12"
"797","548","21"
"798","549","21"
"799","550","2"
"800","551","3"
"801","552","1"
"802","553","2"
"805","555","2"
"806","556","2"
"807","557","2"
"808","558","2"
"809","559","2"
"810","560","2"
"811","561","2"
"812","561","5"
"813","562","2"
"814","562","5"
"815","563","2"
"816","564","2"
"817","565","2"
"818","566","2"
"819","567","2"
"820","568","2"
"821","569","2"
"822","570","40"
"823","570","2"
"824","570","59"
"825","571","40"
"826","571","2"
"827","571","59"
"831","572","40"
"832","572","26"
"833","572","2"
"834","572","59"
"835","572","21"
"836","572","17"
"837","573","12"
"838","574","12"
"839","575","12"
"840","576","24"
"841","498","24"
"842","499","24"
"843","499","25"
"844","500","24"
"845","500","25"
"846","501","24"
"847","501","25"
"848","502","24"
"849","503","24"
"850","504","24"
"851","505","24"
"852","506","24"
"853","507","24"
"854","508","24"
"855","509","24"
"857","512","24"
"858","513","24"
"859","514","24"
"860","515","24"
"861","516","24"
"862","517","24"
"863","518","24"
"864","519","24"
"865","520","24"
"867","521","24"
"870","523","24"
"871","524","24"
"872","577","12"
"873","578","10"
"875","579","31"
"876","579","20"
"877","580","51"
"878","581","24"
"879","582","24"
"880","583","12"
"881","584","11"
"882","585","2"
"883","585","59"
"884","586","2"
"885","586","59"
"886","587","2"
"887","587","59"
"888","588","2"
"889","588","59"
"890","589","2"
"891","589","59"
"892","590","2"
"893","590","59"
"894","591","2"
"895","591","59"
"898","592","2"
"899","592","59"
"900","592","11"
"904","594","11"
"905","595","2"
"906","595","59"
"907","596","2"
"908","596","59"
"909","598","21"
"910","598","20"
"911","598","19"
"912","599","11"
"913","600","10"
"914","604","12"
"915","604","17"
"916","605","55"
"917","605","58"
"918","606","48"
"919","606","55"
"920","606","56"
"921","606","49"
"922","607","21"
"923","607","20"
"924","607","17"
"925","607","19"
"926","608","48"
"927","608","55"
"928","608","56"
"929","608","49"
"930","608","57"
"931","608","47"
"932","608","58"
"933","608","46"
"934","609","48"
"935","609","55"
"936","609","49"
"937","609","58"
"938","610","11"
"939","610","12"
"940","610","20"
"941","610","17"
"942","610","19"
"943","611","11"
"944","612","21"
"945","612","20"
"946","612","17"
"947","612","19"
"948","613","48"
"949","613","55"
"950","614","48"
"951","614","55"
"952","614","56"
"953","614","49"
"954","615","9"
"955","615","23"
"956","615","13"
"957","615","11"
"958","615","18"
"959","615","21"
"960","615","12"
"961","615","25"
"962","615","20"
"963","615","17"
"964","615","19"
"965","616","9"
"966","616","23"
"967","616","13"
"968","616","18"
"969","616","21"
"970","616","20"
"971","616","17"
"972","616","19"
"973","617","9"
"974","617","23"
"975","617","13"
"976","617","11"
"977","617","18"
"978","617","21"
"979","617","12"
"980","617","25"
"981","617","10"
"982","617","20"
"983","617","17"
"984","617","19"
"985","618","23"
"986","618","11"
"987","618","21"
"988","618","12"
"989","618","25"
"990","618","17"
"991","618","19"
"992","619","9"
"993","619","23"
"994","619","13"
"995","619","11"
"996","619","18"
"997","619","21"
"998","619","12"
"999","619","25"
"1000","619","10"
"1001","619","20"
"1002","619","17"
"1003","619","19"
"1004","620","26"
"1005","620","11"
"1006","620","18"
"1007","620","21"
"1008","620","12"
"1009","620","25"
"1010","620","70"
"1011","620","17"
"1012","620","19"
"1015","623","17"
"1016","624","55"
"1017","625","71"
"1021","628","41"
"1022","628","20"
"1023","628","17"
"1024","628","19"
"1025","629","24"
"1026","627","11"
"1027","627","17"
"1028","628","18"
"1029","628","12"
"1030","628","17"
"1031","629","18"
"1032","629","12"
"1033","629","17"
"1034","630","24"
"1035","632","24"
"1036","633","17"
"1037","634","17"
"1038","635","35"
"1039","635","37"
"1040","635","4"
"1041","635","3"
"1042","635","2"
"1043","636","17"
"1044","637","17"
"1045","638","17"
"1046","639","17"
"1047","640","55"
"1048","641","12"
"1049","642","12"
"1050","643","18"
"1051","644","24"
"1052","645","21"
"1053","645","12"
"1054","645","17"
"1057","647","18"
"1058","647","17"
"1059","647","71"
"1060","648","12"
"1061","648","17"
"1063","650","11"
"1064","650","21"
"1065","650","20"
"1066","650","17"
"1067","650","71"
"1068","651","76"
"1069","652","76"
"1070","653","76"
"1071","654","76"
"1072","655","76"
"1073","656","76"
"1074","657","76"
"1075","658","76"
"1076","659","76"
"1077","660","76"
"1078","661","76"
"1079","662","76"
"1080","663","76"
"1081","664","76"
"1082","665","76"
"1083","666","76"
"1084","667","76"
"1085","668","76"
"1086","669","76"
"1087","670","76"
"1088","671","76"
"1090","673","76"
"1091","674","76"
"1092","675","76"
"1093","676","76"
"1094","677","76"
"1095","678","76"
"1096","679","76"
"1097","680","76"
"1098","681","76"
"1099","682","76"
"1102","685","17"
"1103","686","17"
"1104","687","17"
"1107","690","17"
"1108","691","17"
"1110","693","17"
"1111","694","17"
"1113","696","17"
"1114","697","76"
"1115","698","76"
"1116","699","76"
"1117","700","76"
"1118","701","76"
"1119","702","76"
"1120","703","76"
"1121","704","76"
"1122","705","76"
"1123","706","76"
"1124","707","76"
"1125","708","76"
"1126","709","76"
"1127","710","77"
"1128","711","77"
"1129","712","77"
"1130","713","77"
"1131","714","77"
"1132","715","77"
"1133","716","77"
"1134","717","77"
"1135","718","77"
"1136","719","77"
"1137","720","77"
"1138","721","77"
"1139","722","77"
"1140","723","77"
"1141","724","77"
"1142","725","77"
"1145","727","13"
"1146","727","17"
"1147","728","13"
"1148","729","13"
"1149","729","17"
"1150","730","11"
"1151","730","17"
"1152","731","9"
"1153","731","13"
"1154","731","12"
"1155","732","17"
"1156","733","17"
"1157","734","18"
"1158","734","17"
"1159","735","17"
"1160","736","17"
"1163","739","17"
"1164","740","17"
"1165","741","78"
"1166","742","12"
"1167","743","17"
"1168","744","11"
"1169","745","12"
"1170","745","17"
"1171","746","12"
"1172","746","73"
"1173","747","12"
"1174","747","73"
"1175","748","12"
"1176","748","17"
"1177","748","71"
"1178","749","12"
"1179","749","73"
"1180","750","12"
"1181","751","12"
"1182","752","12"
"1183","752","17"
"1184","753","17"
"1185","754","12"
"1186","754","17"
"1187","755","17"
"1188","756","17"
"1189","757","17"
"1190","758","17"
"1191","759","73"
"1192","760","12"
"1193","761","12"
"1194","762","17"
"1195","763","12"
"1197","765","17"
"1198","766","12"
"1199","767","12"
"1200","768","17"
"1201","769","12"
"1202","770","17"
"1204","772","17"
"1207","775","12"
"1208","776","12"
"1209","777","17"
"1210","778","17"
"1211","779","17"
"1212","780","17"
"1213","781","17"
"1214","782","17"
"1215","783","17"
"1216","784","17"
"1217","785","17"
"1218","786","17"
"1219","787","17"
"1220","788","12"
"1221","789","17"
"1222","790","17"
"1223","791","12"
"1224","792","17"
"1225","793","17"
"1227","795","17"
"1228","796","17"
"1229","797","17"
"1231","799","12"
"1232","800","12"
"1233","801","12"
"1234","802","9"
"1242","807","12"
"1243","808","11"
"1244","809","36"
"1245","809","2"
"1246","809","59"
"1247","810","17"
"1248","811","17"
"1249","812","17"
"1250","813","11"
"1251","814","17"
"1252","815","60"
"1253","816","17"
"1254","817","17"
"1255","818","4"
"1256","819","17"
"1257","820","17"
"1258","822","65"
"1259","822","12"
"1260","822","17"
"1261","823","17"
"1265","825","60"
"1266","826","17"
"1267","827","17"
"1268","829","9"
"1269","32","75"
"1270","32","17"
"1275","68","26"
"1276","68","12"
"1280","376","12"
"1281","376","15"
"1282","376","19"
"1283","105","12"
"1284","105","20"
"1285","192","11"
"1286","192","20"
"1287","798","11"
"1288","798","12"
"1289","306","11"
"1290","306","25"
"1291","340","12"
"1292","340","20"
"1293","340","17"
"1294","211","12"
"1295","211","73"
"1296","211","20"
"1297","211","17"
"1298","229","26"
"1299","229","11"
"1301","209","11"
"1302","824","11"
"1303","824","21"
"1304","824","25"
"1305","824","20"
"1306","61","31"
"1307","61","12"
"1308","200","11"
"1309","200","12"
"1310","200","10"
"1311","200","17"
"1312","200","19"
"1313","12","17"
"1314","830","12"
"1315","831","12"
"1319","121","17"
"1320","832","12"
"1322","833","12"
"1324","834","12"
"1325","2","17"
"1326","835","12"
"1327","836","12"
"1328","837","12"
"1329","838","12"
"1330","839","12"
"1331","840","13"
"1332","840","18"
"1333","840","21"
"1334","840","12"
"1335","840","10"
"1336","840","17"
"1337","841","12"
"1338","842","66"
"1339","842","13"
"1340","842","18"
"1341","842","21"
"1342","842","12"
"1343","842","10"
"1344","842","20"
"1345","842","17"
"1346","843","12"
"1347","844","78"
"1348","844","13"
"1349","844","18"
"1350","844","21"
"1351","844","12"
"1352","844","10"
"1353","844","17"
"1354","845","12"
"1355","846","12"
"1356","847","12"
"1357","848","12"
"1359","850","12"
"1360","851","12"
"1361","852","12"
"1362","393","11"
"1363","393","12"
"1364","393","25"
"1365","764","12"
"1366","764","17"
"1367","853","12"
"1368","854","12"
"1369","855","12"
"1370","855","25"
"1373","858","12"
"1375","860","12"
"1376","861","12"
"1377","862","12"
"1378","863","12"
"1379","864","12"
"1380","865","12"
"1381","866","12"
"1382","867","12"
"1383","868","12"
"1384","869","12"
"1385","870","12"
"1386","871","12"
"1388","873","12"
"1389","874","12"
"1390","875","12"
"1391","876","12"
"1392","877","12"
"1393","878","12"
"1394","879","12"
"1395","880","12"
"1396","881","12"
"1397","882","12"
"1398","883","12"
"1399","884","12"
"1400","885","12"
"1401","886","12"
"1402","887","12"
"1403","888","12"
"1404","889","12"
"1405","890","12"
"1406","891","12"
"1407","892","12"
"1408","893","12"
"1409","894","12"
"1410","895","12"
"1411","896","12"
"1412","897","12"
"1413","898","12"
"1414","899","12"
"1415","900","12"
"1416","901","12"
"1417","902","12"
"1418","903","12"
"1419","904","12"
"1420","905","12"
"1421","906","12"
"1422","907","12"
"1423","908","12"
"1424","909","12"
"1425","910","12"
"1426","911","12"
"1427","774","12"
"1428","774","17"
"1429","773","12"
"1430","773","17"
"1431","912","12"
"1432","913","12"
"1433","914","12"
"1434","387","78"
"1435","387","2"
"1436","387","13"
"1437","387","59"
"1438","387","12"
"1439","915","17"
"1440","916","17"
"1441","917","17"
"1442","201","17"
"1444","726","11"
"1445","726","12"
"1446","726","71"
"1447","918","12"
"1448","919","12"
"1449","920","12"
"1451","922","18"
"1452","922","21"
"1453","922","12"
"1454","922","20"
"1455","922","17"
"1456","923","12"
"1457","924","12"
"1458","925","12"
"1459","926","12"
"1460","927","12"
"1461","928","12"
"1462","929","12"
"1463","930","12"
"1464","931","12"
"1465","932","12"
"1466","933","12"
"1467","934","12"
"1468","935","12"
"1469","936","12"
"1470","937","12"
"1471","938","12"
"1472","939","12"
"1473","940","12"
"1474","941","12"
"1475","227","21"
"1476","227","12"
"1477","942","12"
"1478","943","12"
"1479","944","12"
"1480","945","12"
"1481","946","12"
"1482","947","12"
"1483","948","12"
"1484","949","12"
"1485","950","12"
"1486","951","12"
"1487","952","76"
"1488","953","12"
"1489","872","12"
"1490","954","12"
"1491","859","12"
"1492","955","12"
"1493","956","12"
"1494","957","12"
"1495","958","12"
"1496","959","12"
"1497","333","48"
"1498","333","11"
"1499","333","12"
"1500","960","12"
"1501","961","66"
"1502","961","12"
"1503","962","12"
"1504","649","18"
"1505","649","12"
"1508","963","17"
"1509","964","17"
"1510","965","17"
"1511","966","17"
"1512","967","17"
"1513","968","17"
"1514","969","17"
"1515","970","17"
"1516","971","48"
"1517","971","55"
"1518","971","56"
"1519","971","49"
"1520","972","12"
"1521","973","12"
"1522","974","12"
"1523","975","12"
"1524","976","12"
"1525","977","12"
"1526","978","12"
"1527","979","12"
"1528","980","12"
"1529","981","12"
"1530","982","12"
"1531","983","12"
"1532","984","12"
"1533","985","17"
"1535","987","17"
"1536","988","17"
"1537","989","17"
"1538","990","17"
"1539","991","79"
"1540","991","18"
"1541","991","72"
"1542","991","12"
"1543","991","73"
"1544","991","10"
"1545","991","80"
"1546","991","17"
"1547","991","71"
"1548","991","15"
"1549","991","19"
"1550","992","81"
"1551","992","17"
"1552","993","17"
"1553","994","17"
"1554","995","17"
"1555","996","17"
"1556","997","17"
"1557","998","17"
"1558","999","17"
"1559","1000","17"
"1560","1001","17"
"1561","1002","17"
"1562","1003","17"
"1564","1005","17"
"1565","1006","17"
"1567","1008","17"
"1568","1009","17"
"1569","1010","17"
"1570","1011","17"
"1571","1012","17"
"1572","1013","17"
"1573","1014","17"
"1574","1015","17"
"1575","1016","17"
"1576","1017","17"
"1577","1018","17"
"1578","1019","17"
"1579","1020","17"
"1580","1021","17"
"1581","1022","17"
"1582","1023","17"
"1583","1024","17"
"1584","1025","17"
"1585","1026","17"
"1586","1027","17"
"1587","1028","17"
"1589","1030","17"
"1590","1031","17"
"1591","1032","17"
"1592","1033","17"
"1593","1034","17"
"1594","1035","17"
"1595","1036","17"
"1596","1037","17"
"1597","1038","17"
"1598","1039","17"
"1599","1040","17"
"1600","1041","17"
"1601","1042","17"
"1602","1043","17"
"1603","1044","17"
"1604","1045","17"
"1607","1048","17"
"1608","1049","17"
"1609","1050","17"
"1610","1051","17"
"1611","1052","17"
"1612","1053","17"
"1613","1054","17"
"1614","1055","17"
"1615","1056","17"
"1616","1057","17"
"1617","1058","17"
"1618","1059","17"
"1619","1060","17"
"1620","1061","17"
"1621","1062","17"
"1622","1063","17"
"1623","1064","17"
"1624","1065","17"
"1625","1066","17"
"1626","1067","17"
"1627","1068","17"
"1628","1069","17"
"1629","1070","17"
"1630","1071","17"
"1631","1072","17"
"1632","1073","17"
"1633","1074","17"
"1634","1075","17"
"1635","1076","17"
"1636","1077","17"
"1637","1078","17"
"1638","1079","17"
"1639","1080","17"
"1640","1081","17"
"1642","1083","17"
"1643","1084","11"
"1644","1085","12"
"1645","1086","12"
"1646","1087","12"
"1648","921","12"
"1649","921","10"
"1650","1089","73"
"1651","1090","63"
"1652","1090","55"
"1653","1090","12"
"1654","1091","17"
"1656","1093","29"
"1657","1094","29"
"1658","1095","29"
"1659","1096","29"
"1660","1097","29"
"1661","6","12"
"1662","6","17"
"1663","1098","12"
"1665","1100","29"
"1666","1101","29"
"1667","1102","29"
"1668","1103","29"
"1672","1106","33"
"1673","1107","33"
"1675","1109","29"
"1676","1110","33"
"1677","1111","33"
"1679","1113","33"
"1680","3","11"
"1681","3","18"
"1682","3","12"
"1683","3","17"
"1684","1047","13"
"1685","1047","17"
"1687","1114","33"
"1688","1115","33"
"1689","1116","33"
"1690","1117","33"
"1691","1118","33"
"1692","1119","33"
"1693","1120","33"
"1694","1121","33"
"1695","1122","33"
"1696","1123","33"
"1697","1124","33"
"1698","1125","33"
"1699","1126","48"
"1700","1126","55"
"1701","1126","56"
"1702","1126","49"
"1703","1126","57"
"1704","1126","47"
"1705","1126","58"
"1706","1126","46"
"1707","1127","48"
"1708","1127","55"
"1709","1127","56"
"1710","1127","49"
"1711","1127","57"
"1712","1127","47"
"1713","1127","58"
"1714","1127","46"
"1715","1127","44"
"1716","1127","69"
"1717","1128","48"
"1718","1128","55"
"1719","1128","56"
"1720","1128","49"
"1721","1128","57"
"1722","1128","58"
"1723","1128","46"
"1724","1129","48"
"1725","1129","55"
"1726","1129","56"
"1727","1129","49"
"1728","1129","57"
"1729","1129","47"
"1730","1129","58"
"1731","1129","46"
"1732","1129","44"
"1733","1129","69"
"1734","1130","48"
"1735","1130","55"
"1736","1130","56"
"1737","1130","49"
"1738","1130","57"
"1739","1130","47"
"1740","1130","58"
"1741","1130","46"
"1742","1130","68"
"1743","1130","67"
"1744","1131","48"
"1745","1131","55"
"1746","1131","56"
"1747","1131","49"
"1748","1131","57"
"1749","1131","47"
"1750","1131","58"
"1751","1131","46"
"1752","1132","48"
"1753","1132","55"
"1754","1132","56"
"1755","1133","48"
"1756","1133","55"
"1757","1133","56"
"1758","1133","49"
"1759","1133","57"
"1760","1133","47"
"1761","1133","58"
"1762","1133","46"
"1763","1134","18"
"1764","1134","72"
"1765","1134","10"
"1766","1134","41"
"1767","1134","76"
"1768","1134","17"
"1769","63","11"
"1770","63","12"
"1771","63","17"
"1772","78","12"
"1773","120","11"
"1774","120","12"
"1775","378","12"
"1776","17","79"
"1777","17","4"
"1778","17","13"
"1779","17","11"
"1780","146","11"
"1781","146","20"
"1782","1092","12"
"1783","1092","17"
"1784","80","29"
"1785","80","51"
"1786","80","81"
"1787","1135","17"
"1788","268","17"
"1789","1136","59"
"1790","1137","17"
"1791","1138","17"
"1792","1139","17"
"1793","1140","17"
"1794","1141","17"
"1795","1142","17"
"1796","1143","17"
"1797","1144","17"
"1798","1145","17"
"1799","1146","17"
"1800","1147","18"
"1801","1148","17"
"1802","1149","17"
"1803","1150","17"
"1804","1151","17"
"1805","1152","17"
"1806","1153","17"
"1807","1154","10"
"1808","1155","17"
"1809","1156","17"
"1810","1157","10"
"1811","1158","17"
"1812","1159","17"
"1813","1160","17"
"1814","1161","17"
"1815","1162","17"
"1816","1163","17"
"1817","1164","28"
"1818","1165","10"
"1819","1166","17"
"1820","1167","17"
"1821","1168","17"
"1822","1169","17"
"1823","1170","17"
"1824","1171","17"
"1825","1172","73"
"1826","1172","80"
"1827","1173","17"
"1828","1174","10"
"1829","1175","17"
"1830","1176","17"
"1831","1177","17"
"1832","1178","17"
"1833","1179","71"
"1834","1180","18"
"1835","1180","21"
"1836","1180","17"
"1837","672","76"
"1838","1088","13"
"1839","1088","12"
"1840","593","17"
"1841","1181","17"
"1842","1182","17"
"1843","1183","17"
"1844","1184","17"
"1845","1185","17"
"1846","1186","17"
"1847","1187","17"
"1848","1188","17"
"1849","1189","17"
"1850","1190","17"
"1851","1191","17"
"1852","1192","12"
"1853","1193","17"
"1854","1194","17"
"1855","228","17"
"1856","1195","17"
"1857","1196","83"
"1858","1196","74"
"1859","1196","12"
"1860","1196","17"
"1861","1197","21"
"1862","1198","21"
"1863","1199","76"
"1864","1200","11"
"1865","1201","11"
"1867","1203","11"
"1868","1204","11"
"1869","1205","11"
"1870","1206","11"
"1871","1207","11"
"1872","1208","11"
"1873","1209","11"
"1874","1210","11"
"1875","1211","76"
"1876","1212","76"
"1877","1213","11"
"1878","1214","26"
"1879","1214","23"
"1880","1214","18"
"1881","1214","72"
"1882","1214","73"
"1883","1214","20"
"1884","1214","71"
"1885","1214","19"
"1886","1202","11"
"1887","1202","12"
"1888","1215","12"
"1889","1216","74"
"1890","1216","12"
"1891","1217","12"
"1892","1218","12"
"1893","1219","12"
"1894","1220","12"
"1895","1221","12"
"1896","1222","73"
"1897","1223","7"
"1898","1223","36"
"1899","1223","35"
"1900","1223","37"
"1901","1223","39"
"1902","1223","38"
"1903","1223","40"
"1904","1223","4"
"1905","1223","3"
"1906","1223","2"
"1907","1223","1"
"1908","1223","8"
"1909","1223","59"
"1910","1223","5"
"1911","1223","6"
"1912","1224","7"
"1913","1224","9"
"1914","1224","36"
"1915","1224","35"
"1916","1224","37"
"1917","1224","39"
"1918","1224","38"
"1919","1224","40"
"1920","1224","4"
"1921","1224","3"
"1922","1224","2"
"1923","1224","1"
"1924","1224","8"
"1925","1225","7"
"1926","1225","36"
"1927","1225","35"
"1928","1225","37"
"1929","1225","39"
"1930","1225","38"
"1931","1225","40"
"1932","1225","4"
"1933","1225","3"
"1934","1225","2"
"1935","1225","1"
"1936","1225","8"
"1937","1226","7"
"1938","1226","9"
"1939","1226","36"
"1940","1226","35"
"1941","1226","37"
"1942","1226","39"
"1943","1226","38"
"1944","1226","40"
"1945","1226","4"
"1946","1226","3"
"1947","1226","2"
"1948","1226","1"
"1949","1226","8"
"1950","1227","7"
"1951","1227","9"
"1952","1227","36"
"1953","1227","35"
"1954","1227","37"
"1955","1227","39"
"1956","1227","38"
"1957","1227","40"
"1958","1227","4"
"1959","1227","3"
"1960","1227","2"
"1961","1227","1"
"1962","1227","8"
"1963","1228","7"
"1964","1228","9"
"1965","1228","36"
"1966","1228","35"
"1967","1228","37"
"1968","1228","39"
"1969","1228","38"
"1970","1228","40"
"1971","1228","4"
"1972","1228","3"
"1973","1228","2"
"1974","1228","1"
"1975","1229","7"
"1976","1229","9"
"1977","1229","36"
"1978","1229","35"
"1979","1229","37"
"1980","1229","39"
"1981","1229","38"
"1982","1229","40"
"1983","1229","4"
"1984","1229","3"
"1985","1229","2"
"1986","1229","1"
"1987","1229","8"
"1988","1230","7"
"1989","1230","36"
"1990","1230","35"
"1991","1230","37"
"1992","1230","39"
"1993","1230","38"
"1994","1230","40"
"1995","1230","4"
"1996","1230","3"
"1997","1230","2"
"1998","1230","1"
"1999","1230","8"
"2000","1230","59"
"2001","1230","5"
"2002","1230","6"
"2003","1231","7"
"2004","1231","36"
"2005","1231","35"
"2006","1231","37"
"2007","1231","39"
"2008","1231","38"
"2009","1232","7"
"2010","1232","36"
"2011","1232","35"
"2012","1232","37"
"2013","1232","39"
"2014","1233","7"
"2015","1233","35"
"2016","1233","37"
"2017","1233","4"
"2018","1233","8"
"2019","1233","59"
"2020","1234","7"
"2021","1234","36"
"2022","1234","4"
"2023","1234","8"
"2024","1234","59"
"2025","1235","7"
"2026","1235","36"
"2027","1235","4"
"2028","1235","5"
"2029","1236","9"
"2030","1236","35"
"2031","1236","4"
"2032","1236","8"
"2033","1237","7"
"2034","1237","36"
"2035","1237","35"
"2036","1237","37"
"2037","1237","39"
"2038","1237","38"
"2039","1237","40"
"2040","1237","4"
"2041","1237","3"
"2042","1237","2"
"2043","1237","1"
"2044","1237","8"
"2045","1237","59"
"2046","1237","5"
"2047","1237","6"
"2048","1238","7"
"2049","1238","36"
"2050","1238","35"
"2051","1238","37"
"2052","1238","39"
"2053","1238","38"
"2054","1238","40"
"2055","1238","4"
"2056","1238","3"
"2057","1238","2"
"2058","1238","1"
"2059","1238","8"
"2060","1238","59"
"2061","1238","5"
"2062","1238","6"
"2063","1239","7"
"2064","1239","36"
"2065","1239","35"
"2066","1239","37"
"2067","1239","39"
"2068","1239","38"
"2069","1239","40"
"2070","1239","4"
"2071","1239","3"
"2072","1239","2"
"2073","1239","1"
"2074","1239","8"
"2075","1239","59"
"2076","1239","5"
"2077","1239","6"
"2078","1240","7"
"2079","1240","36"
"2080","1240","35"
"2081","1240","37"
"2082","1240","39"
"2083","1240","38"
"2084","1240","40"
"2085","1240","4"
"2086","1240","3"
"2087","1240","2"
"2088","1240","1"
"2089","1240","8"
"2090","1240","59"
"2091","1240","5"
"2092","1240","6"
"2093","1241","7"
"2094","1241","36"
"2095","1241","35"
"2096","1241","37"
"2097","1241","39"
"2098","1241","38"
"2099","1241","40"
"2100","1241","4"
"2101","1241","3"
"2102","1241","2"
"2103","1241","1"
"2104","1241","8"
"2105","1241","59"
"2106","1241","5"
"2107","1241","6"
"2108","1242","7"
"2109","1242","36"
"2110","1242","35"
"2111","1242","37"
"2112","1242","39"
"2113","1242","38"
"2114","1242","40"
"2115","1242","4"
"2116","1242","3"
"2117","1242","2"
"2118","1242","1"
"2119","1242","8"
"2120","1242","59"
"2121","1242","5"
"2122","1242","6"
"2123","1243","7"
"2124","1243","36"
"2125","1243","35"
"2126","1243","37"
"2127","1243","39"
"2128","1243","38"
"2129","1243","40"
"2130","1243","4"
"2131","1243","3"
"2132","1243","2"
"2133","1243","1"
"2134","1243","8"
"2135","1243","59"
"2136","1243","5"
"2137","1243","6"
"2138","1244","7"
"2139","1244","36"
"2140","1244","35"
"2141","1244","37"
"2142","1244","39"
"2143","1244","38"
"2144","1244","40"
"2145","1244","4"
"2146","1244","3"
"2147","1244","2"
"2148","1244","1"
"2149","1244","8"
"2150","1244","59"
"2151","1244","5"
"2152","1244","6"
"2153","1245","7"
"2154","1245","36"
"2155","1245","35"
"2156","1245","37"
"2157","1245","39"
"2158","1245","38"
"2159","1245","40"
"2160","1245","4"
"2161","1245","3"
"2162","1245","2"
"2163","1245","1"
"2164","1245","8"
"2165","1245","59"
"2166","1245","5"
"2167","1245","6"
"2168","1246","7"
"2169","1246","36"
"2170","1246","35"
"2171","1246","37"
"2172","1246","39"
"2173","1246","38"
"2174","1246","40"
"2175","1246","4"
"2176","1246","3"
"2177","1246","2"
"2178","1246","1"
"2179","1246","8"
"2180","1246","59"
"2181","1246","5"
"2182","1246","6"
"2183","1247","7"
"2184","1247","36"
"2185","1247","35"
"2186","1247","37"
"2187","1247","39"
"2188","1247","38"
"2189","1247","40"
"2190","1247","4"
"2191","1247","3"
"2192","1247","2"
"2193","1247","1"
"2194","1247","8"
"2195","1247","59"
"2196","1247","5"
"2197","1247","6"
"2198","1248","7"
"2199","1248","36"
"2200","1248","35"
"2201","1248","37"
"2202","1248","39"
"2203","1248","38"
"2204","1248","40"
"2205","1248","4"
"2206","1248","3"
"2207","1248","2"
"2208","1248","1"
"2209","1248","8"
"2210","1248","59"
"2211","1248","5"
"2212","1248","6"
"2213","1249","7"
"2214","1249","36"
"2215","1249","35"
"2216","1249","37"
"2217","1249","39"
"2218","1249","38"
"2219","1249","40"
"2220","1249","4"
"2221","1249","3"
"2222","1249","2"
"2223","1249","1"
"2224","1249","8"
"2225","1249","59"
"2226","1249","5"
"2227","1249","6"
"2228","1250","7"
"2229","1250","36"
"2230","1250","35"
"2231","1250","37"
"2232","1250","39"
"2233","1250","38"
"2234","1250","40"
"2235","1250","4"
"2236","1250","3"
"2237","1250","2"
"2238","1250","1"
"2239","1250","8"
"2240","1250","59"
"2241","1250","5"
"2242","1250","6"
"2243","1251","7"
"2244","1251","36"
"2245","1251","35"
"2246","1251","37"
"2247","1251","39"
"2248","1251","38"
"2249","1251","40"
"2250","1251","4"
"2251","1251","3"
"2252","1251","2"
"2253","1251","1"
"2254","1251","8"
"2255","1251","59"
"2256","1251","5"
"2257","1251","6"
"2258","1252","7"
"2259","1252","36"
"2260","1252","35"
"2261","1252","37"
"2262","1252","39"
"2263","1252","38"
"2264","1252","40"
"2265","1252","4"
"2266","1252","3"
"2267","1252","2"
"2268","1252","1"
"2269","1252","8"
"2270","1252","59"
"2271","1252","5"
"2272","1252","6"
"2273","1253","7"
"2274","1253","36"
"2275","1253","35"
"2276","1253","37"
"2277","1253","39"
"2278","1253","38"
"2279","1253","40"
"2280","1253","4"
"2281","1253","3"
"2282","1253","2"
"2283","1253","1"
"2284","1253","8"
"2285","1253","59"
"2286","1253","5"
"2287","1253","6"
"2288","1254","7"
"2289","1254","36"
"2290","1254","35"
"2291","1254","37"
"2292","1254","39"
"2293","1254","38"
"2294","1254","40"
"2295","1254","4"
"2296","1254","3"
"2297","1254","2"
"2298","1254","1"
"2299","1254","8"
"2300","1254","59"
"2301","1254","5"
"2302","1254","6"
"2303","1255","7"
"2304","1255","36"
"2305","1255","35"
"2306","1255","37"
"2307","1255","39"
"2308","1255","38"
"2309","1255","40"
"2310","1255","4"
"2311","1255","3"
"2312","1255","2"
"2313","1255","1"
"2314","1255","8"
"2315","1255","59"
"2316","1255","5"
"2317","1255","6"
"2318","1256","7"
"2319","1256","36"
"2320","1256","35"
"2321","1256","37"
"2322","1256","39"
"2323","1256","38"
"2324","1256","40"
"2325","1256","4"
"2326","1256","3"
"2327","1256","2"
"2328","1256","1"
"2329","1256","8"
"2330","1256","59"
"2331","1256","5"
"2332","1256","6"
"2333","1257","7"
"2334","1257","36"
"2335","1257","35"
"2336","1257","37"
"2337","1257","39"
"2338","1257","38"
"2339","1257","40"
"2340","1257","4"
"2341","1257","3"
"2342","1257","2"
"2343","1257","1"
"2344","1257","8"
"2345","1257","59"
"2346","1257","5"
"2347","1257","6"
"2348","1258","7"
"2349","1258","36"
"2350","1258","35"
"2351","1258","37"
"2352","1258","39"
"2353","1258","38"
"2354","1258","40"
"2355","1258","4"
"2356","1258","3"
"2357","1258","2"
"2358","1258","1"
"2359","1258","8"
"2360","1258","59"
"2361","1258","5"
"2362","1258","6"
"2363","1259","7"
"2364","1259","36"
"2365","1259","35"
"2366","1259","37"
"2367","1259","39"
"2368","1259","38"
"2369","1259","40"
"2370","1259","4"
"2371","1259","3"
"2372","1259","2"
"2373","1259","1"
"2374","1259","8"
"2375","1259","59"
"2376","1259","5"
"2377","1259","6"
"2378","1260","7"
"2379","1260","36"
"2380","1260","35"
"2381","1260","37"
"2382","1260","39"
"2383","1260","38"
"2384","1260","40"
"2385","1260","4"
"2386","1260","3"
"2387","1260","2"
"2388","1260","1"
"2389","1260","8"
"2390","1260","59"
"2391","1260","5"
"2392","1260","6"
"2393","1261","7"
"2394","1261","36"
"2395","1261","35"
"2396","1261","37"
"2397","1261","39"
"2398","1261","38"
"2399","1261","40"
"2400","1261","4"
"2401","1261","3"
"2402","1261","2"
"2403","1261","1"
"2404","1261","8"
"2405","1261","59"
"2406","1261","5"
"2407","1261","6"
"2408","1262","7"
"2409","1262","36"
"2410","1262","35"
"2411","1262","37"
"2412","1262","39"
"2413","1262","38"
"2414","1262","40"
"2415","1262","4"
"2416","1262","3"
"2417","1262","2"
"2418","1262","1"
"2419","1262","8"
"2420","1262","59"
"2421","1262","5"
"2422","1262","6"
"2423","1263","7"
"2424","1263","36"
"2425","1263","35"
"2426","1263","37"
"2427","1263","39"
"2428","1263","38"
"2429","1263","40"
"2430","1263","4"
"2431","1263","3"
"2432","1263","2"
"2433","1263","1"
"2434","1263","8"
"2435","1263","59"
"2436","1263","5"
"2437","1263","6"
"2438","1264","7"
"2439","1264","36"
"2440","1264","35"
"2441","1264","37"
"2442","1264","39"
"2443","1264","38"
"2444","1264","40"
"2445","1264","4"
"2446","1264","3"
"2447","1264","2"
"2448","1264","1"
"2449","1264","8"
"2450","1264","59"
"2451","1264","5"
"2452","1264","6"
"2453","1265","7"
"2454","1265","36"
"2455","1265","35"
"2456","1265","37"
"2457","1265","39"
"2458","1265","38"
"2459","1265","40"
"2460","1265","4"
"2461","1265","3"
"2462","1265","2"
"2463","1265","1"
"2464","1265","8"
"2465","1265","59"
"2466","1265","5"
"2467","1265","6"
"2468","1266","7"
"2469","1266","36"
"2470","1266","35"
"2471","1266","37"
"2472","1266","39"
"2473","1266","38"
"2474","1266","40"
"2475","1266","4"
"2476","1266","3"
"2477","1266","2"
"2478","1266","1"
"2479","1266","8"
"2480","1266","59"
"2481","1266","5"
"2482","1266","6"
"2483","1267","7"
"2484","1267","36"
"2485","1267","35"
"2486","1267","37"
"2487","1267","39"
"2488","1267","38"
"2489","1267","40"
"2490","1267","4"
"2491","1267","3"
"2492","1267","2"
"2493","1267","1"
"2494","1267","8"
"2495","1267","59"
"2496","1267","5"
"2497","1267","6"
"2498","1268","7"
"2499","1268","36"
"2500","1268","35"
"2501","1268","37"
"2502","1268","39"
"2503","1268","38"
"2504","1268","40"
"2505","1268","4"
"2506","1268","3"
"2507","1268","2"
"2508","1268","1"
"2509","1268","8"
"2510","1268","59"
"2511","1268","5"
"2512","1268","6"
"2513","1269","7"
"2514","1269","36"
"2515","1269","35"
"2516","1269","37"
"2517","1269","39"
"2518","1269","38"
"2519","1269","40"
"2520","1269","4"
"2521","1269","3"
"2522","1269","2"
"2523","1269","1"
"2524","1269","8"
"2525","1269","59"
"2526","1269","5"
"2527","1269","6"
"2528","1270","7"
"2529","1270","36"
"2530","1270","35"
"2531","1270","37"
"2532","1270","39"
"2533","1270","38"
"2534","1270","40"
"2535","1270","4"
"2536","1270","3"
"2537","1270","2"
"2538","1270","1"
"2539","1270","8"
"2540","1270","59"
"2541","1270","5"
"2542","1270","6"
"2543","1271","7"
"2544","1271","36"
"2545","1271","35"
"2546","1271","37"
"2547","1271","39"
"2548","1271","38"
"2549","1271","40"
"2550","1271","4"
"2551","1271","3"
"2552","1271","2"
"2553","1271","1"
"2554","1271","8"
"2555","1271","59"
"2556","1271","5"
"2557","1271","6"
"2558","1272","7"
"2559","1272","36"
"2560","1272","35"
"2561","1272","37"
"2562","1272","39"
"2563","1272","38"
"2564","1272","40"
"2565","1272","4"
"2566","1272","3"
"2567","1272","2"
"2568","1272","1"
"2569","1272","8"
"2570","1272","59"
"2571","1272","5"
"2572","1272","6"
"2573","1273","7"
"2574","1273","36"
"2575","1273","35"
"2576","1273","37"
"2577","1273","39"
"2578","1273","38"
"2579","1273","40"
"2580","1273","4"
"2581","1273","3"
"2582","1273","2"
"2583","1273","1"
"2584","1273","8"
"2585","1273","59"
"2586","1273","5"
"2587","1273","6"
"2588","1274","7"
"2589","1274","36"
"2590","1274","35"
"2591","1274","37"
"2592","1274","39"
"2593","1274","38"
"2594","1274","40"
"2595","1274","4"
"2596","1274","3"
"2597","1274","2"
"2598","1274","1"
"2599","1274","8"
"2600","1274","59"
"2601","1274","5"
"2602","1274","6"
"2610","1282","81"
"2618","1290","81"
"2626","1298","81"
"2627","1299","81"
"2628","1300","81"
"2629","1301","81"
"2630","1302","81"
"2631","1303","81"
"2632","1304","81"
"2633","1305","81"
"2634","1306","81"
"2635","1307","81"
"2636","1308","81"
"2637","1309","81"
"2638","1310","81"
"2639","1311","81"
"2640","1312","81"
"2641","1313","81"
"2642","1314","81"
"2643","1315","81"
"2644","1316","81"
"2645","1317","81"
"2646","1318","81"
"2647","1319","81"
"2648","1320","81"
"2649","1321","81"
"2650","1322","81"
"2651","1323","81"
"2652","1324","81"
"2653","1325","81"
"2654","1326","81"
"2655","1327","81"
"2656","1328","81"
"2657","1329","81"
"2658","1330","81"
"2659","1331","81"
"2660","147","71"
"2662","402","71"
"2665","688","12"
"2666","688","17"
"2669","445","11"
"2670","354","11"
"2674","622","11"
"2675","1007","11"
"2676","1007","74"
"2679","646","11"
"2680","646","74"
"2683","1004","11"
"2686","216","11"
"2690","738","11"
"2696","1332","17"
"2697","13","12"
"2698","13","20"
"2699","1333","20"
"2700","1334","20"
"2701","1335","20"
"2702","1336","20"
"2703","1337","20"
"2704","1338","20"
"2705","1339","20"
"2706","1340","20"
"2707","1341","20"
"2708","2933","29"
"2709","2933","33"
"2710","2933","32"
"2711","3876","20"
"2712","3877","20"
"2713","3878","20"
"2714","3879","20"
"2715","3880","20"
"2716","3881","20"
"2718","3883","20"
"2719","3884","20"
"2720","3885","20"
"2721","3886","20"
"2722","3887","20"
"2723","3888","20"
"2724","3889","20"
"2725","3890","20"
"2726","3891","20"
"2727","3892","20"
"2728","3882","20"
"2729","3893","20"
"2730","3894","20"
"2731","3895","20"
"2732","3896","20"
"2733","3897","20"
"2734","3898","20"
"2735","3899","20"
"2736","3899","17"
"2737","794","60"
"2738","3900","79"
"2739","3900","60"
"2740","3900","61"
"2741","3900","13"
"2742","3900","17"
"2743","3900","71"
"2744","3901","20"
"2745","3902","20"
"2746","1950","33"
"2748","3904","20"
"2749","3905","20"
"2750","3906","20"
"2751","3907","20"
"2752","3908","20"
"2753","986","20"
"2754","986","17"
"2755","3909","20"
"2756","3909","17"
"2757","3910","20"
"2758","3911","20"
"2759","3912","20"
"2760","3913","20"
"2761","3914","20"
"2762","3915","20"
"2763","3916","20"
"2764","3917","20"
"2765","3918","20"
"2767","3920","20"
"2768","3921","20"
"2769","3922","20"
"2770","3923","20"
"2771","3924","20"
"2772","3925","20"
"2773","1389","32"
"2774","2608","29"
"2775","1547","29"
"2777","683","33"
"2778","2481","29"
"2780","1589","29"
"2781","1598","29"
"2783","2689","29"
"2784","3576","29"
"2788","2857","32"
"2790","2686","29"
"2791","1448","29"
"2796","2498","33"
"2804","3773","29"
"2805","3749","29"
"2809","3603","29"
"2813","3602","29"
"2815","3748","29"
"2816","3787","29"
"2817","1556","29"
"2818","1875","29"
"2819","1553","29"
"2820","2958","29"
"2824","3271","29"
"2825","695","29"
"2826","2486","29"
"2829","3211","29"
"2831","3492","29"
"2832","3852","29"
"2834","1728","29"
"2835","2201","29"
"2837","2083","29"
"2839","3403","29"
"2841","1966","29"
"2843","3181","29"
"2845","2526","29"
"2846","1789","29"
"2849","2037","29"
"2850","1871","29"
"2852","2606","29"
"2854","2685","29"
"2857","2129","29"
"2858","3063","29"
"2859","3661","29"
"2860","2102","29"
"2861","1778","29"
"2865","3324","32"
"2867","3323","29"
"2868","1541","29"
"2870","1859","29"
"2872","2831","29"
"2876","2003","29"
"2877","689","29"
"2879","2613","29"
"2883","3664","29"
"2884","2696","29"
"2885","3411","29"
"2886","1575","29"
"2887","1986","29"
"2895","3094","17"
"2905","1082","29"
"2906","1082","17"
"2909","692","29"
"2910","692","17"
"2914","2969","29"
"2915","3768","29"
"2916","3575","29"
"2917","3031","29"
"2918","3834","29"
"2919","3260","29"
"2921","2943","29"
"2922","3785","29"
"2924","2940","29"
"2925","2428","29"
"2926","3572","29"
"2928","3813","29"
"2929","2355","29"
"2930","2717","29"
"2931","1590","29"
"2933","2002","29"
"2935","2732","29"
"2936","2788","29"
"2938","3574","86"
"2940","2432","86"
"2944","2317","86"
"2949","2873","86"
"2955","3427","86"
"2956","737","86"
"2957","737","74"
"2958","737","17"
"2963","1099","86"
"2964","1099","33"
"2966","1104","86"
"2967","3926","20"
"2968","1386","86"
"2969","1387","86"
"2970","1387","17"
"2972","1546","86"
"2975","1351","86"
"2976","3301","86"
"2977","3399","86"
"2978","3397","86"
"2980","3390","86"
"2981","3389","86"
"2982","1455","86"
"2983","1452","86"
"2984","1451","86"
"2985","1441","86"
"2988","1108","86"
"2989","1105","86"
"2991","1112","86"
"2992","2434","86"
"2994","1446","86"
"2996","2972","86"
"2997","1362","86"
"2999","2268","86"
"3003","494","86"
"3004","494","52"
"3005","494","51"
"3008","3814","86"
"3009","2307","86"
"3010","1539","86"
"3012","3509","86"
"3013","3547","86"
"3014","3319","86"
"3017","2987","86"
"3018","2959","86"
"3019","2955","86"
"3020","2592","86"
"3021","3636","86"
"3022","2971","86"
"3025","2225","86"
"3026","132","16"
"3027","132","86"
"3028","132","29"
"3029","1357","86"
"3030","1358","86"
"3031","1359","86"
"3032","1428","86"
"3034","1395","86"
"3039","1401","86"
"3040","1402","86"
"3041","331","31"
"3042","331","86"
"3043","1394","86"
"3046","1397","86"
"3048","1398","86"
"3049","1408","86"
"3050","1409","86"
"3055","1647","32"
"3056","1647","87"
"3057","1548","86"
"3058","1548","87"
"3060","3928","87"
"3061","3929","87"
"3062","3930","87"
"3063","3931","87"
"3064","3932","87"
"3065","3933","87"
"3068","3936","87"
"3069","3937","87"
"3071","3939","87"
"3074","3815","86"
"3075","3815","87"
"3080","3832","86"
"3081","3832","87"
"3082","3627","86"
"3084","3006","86"
"3087","3335","86"
"3091","1697","86"
"3094","1693","86"
"3101","2517","86"
"3103","1659","86"
"3106","3341","86"
"3107","1694","86"
"3109","3623","86"
"3111","1663","86"
"3115","1702","86"
"3118","3624","86"
"3121","1661","86"
"3127","1699","86"
"3130","1705","86"
"3133","2992","86"
"3135","1665","86"
"3136","3332","86"
"3138","3622","86"
"3142","3338","86"
"3143","3328","86"
"3145","1668","86"
"3146","3628","86"
"3148","3940","13"
"3149","3941","13"
"3151","1666","86"
"3153","3337","86"
"3154","1655","86"
"3155","3619","86"
"3156","3616","86"
"3158","1671","86"
"3162","3334","86"
"3164","1709","86"
"3165","3618","86"
"3169","2519","86"
"3171","1703","86"
"3178","2996","86"
"3180","1696","86"
"3183","1683","86"
"3185","1686","86"
"3188","1652","86"
"3189","3942","12"
"3193","2520","86"
"3196","1674","86"
"3199","2999","86"
"3202","3626","86"
"3204","2863","86"
"3206","3009","86"
"3208","1698","86"
"3209","1707","86"
"3211","1673","86"
"3218","1682","86"
"3219","1651","86"
"3222","3343","86"
"3223","3012","86"
"3225","1654","86"
"3227","1708","86"
"3228","1669","86"
"3230","1650","86"
"3234","2512","86"
"3237","2510","86"
"3239","2505","86"
"3241","1407","86"
"3243","1440","86"
"3245","1660","86"
"3247","3620","86"
"3250","2516","86"
"3252","1415","86"
"3255","1657","86"
"3256","3002","86"
"3257","2997","86"
"3259","2506","86"
"3261","1687","86"
"3263","1692","86"
"3264","1688","86"
"3266","2843","86"
"3268","2507","86"
"3273","1656","86"
"3274","3943","13"
"3275","3944","13"
"3276","3945","13"
"3277","3946","13"
"3278","3947","13"
"3279","3948","13"
"3280","3949","13"
"3281","3950","13"
"3282","3951","13"
"3283","3952","13"
"3284","3953","13"
"3285","3954","13"
"3286","3955","13"
"3287","3955","11"
"3288","3955","12"
"3289","3955","20"
"3290","3956","13"
"3291","3957","13"
"3292","3958","13"
"3293","3959","13"
"3294","3960","13"
"3295","3961","13"
"3296","3962","13"
"3297","3963","13"
"3298","3964","13"
"3299","3965","13"
"3300","3966","13"
"3301","3967","13"
"3302","3968","13"
"3303","3969","13"
"3304","3970","13"
"3305","3971","13"
"3306","3972","13"
"3307","3973","13"
"3308","3974","13"
"3309","3975","13"
"3310","3976","13"
"3311","3977","13"
"3312","3978","13"
"3315","3327","86"
"3316","3327","87"
"3317","1664","86"
"3319","2998","86"
"3320","2518","86"
"3322","1676","86"
"3324","3617","86"
"3326","1675","86"
"3329","3003","86"
"3332","3331","86"
"3334","1275","88"
"3336","1276","88"
"3337","1277","88"
"3339","1279","88"
"3341","1278","88"
"3342","1280","88"
"3344","1281","88"
"3346","1283","88"
"3347","1284","88"
"3348","1285","88"
"3349","1286","88"
"3350","1287","88"
"3351","1288","88"
"3353","1289","88"
"3354","1291","88"
"3355","1292","88"
"3356","3979","13"
"3357","3333","86"
"3359","3346","86"
"3360","1684","86"
"3361","3980","13"
"3362","3981","13"
"3363","3982","13"
"3364","3983","13"
"3365","3984","13"
"3366","3985","13"
"3367","3986","13"
"3368","3987","13"
"3369","3988","13"
"3370","3989","13"
"3371","3990","13"
"3372","3991","13"
"3373","3992","13"
"3374","3993","13"
"3375","3994","13"
"3376","3995","13"
"3377","3996","13"
"3378","3997","13"
"3379","3998","13"
"3380","3999","13"
"3381","4000","13"
"3382","4001","13"
"3383","4002","13"
"3384","4003","13"
"3385","4004","13"
"3386","4005","13"
"3387","3927","86"
"3388","3927","87"
"3389","1293","88"
"3392","1294","88"
"3393","1294","81"
"3394","1295","88"
"3395","1295","81"
"3396","1297","88"
"3397","1297","81"
"3402","1296","88"
"3403","1296","81"
"3404","4006","13"
"3405","4007","13"
"3406","4008","13"
"3407","4009","13"
"3408","4010","13"
"3409","4011","13"
"3410","4012","13"
"3411","4013","13"
"3412","4014","13"
"3413","160","10"
"3414","160","17"
"3415","1360","86"
"3416","1361","86"
"3417","1361","15"
"3418","1388","58"
"3419","1356","86"
"3420","4015","13"
"3421","4016","13"
"3422","4017","13"
"3423","4018","13"
"3424","4019","13"
"3425","4020","13"
"3426","4021","13"
"3428","510","24"
"3429","510","76"
"3430","2392","86"
"3433","3934","87"
"3434","3934","88"
"3435","3935","87"
"3436","3935","88"
"3437","3935","81"
"3438","3938","87"
"3439","3938","88"
"3440","3938","76"
"3441","2757","60"
"3442","2757","82"
"3443","2757","69"
"3444","3468","55"
"3445","3468","76"
"3446","684","88"
"3447","684","81"
"3448","684","17"
"3449","621","11"
"3450","621","15"
"3451","162","9"
"3452","162","1"
"3453","162","10"
"3454","162","17"
"3455","3724","86"
"3456","522","65"
"3457","522","48"
"3458","522","24"
"3459","522","21"
"3460","522","14"
"3461","479","38"
"3462","479","55"
"3463","479","13"
"3464","479","76"
"3465","479","15"
"3466","4023","20"
"3467","4024","12"
"3468","4025","12"
"3469","4026","12"
"3473","4027","13"
"3475","3762","13"
"3476","3762","12"
"3477","4028","20"
"3478","4029","20"
"3479","856","75"
"3480","856","82"
"3481","856","13"
"3482","856","11"
"3483","856","88"
"3484","856","18"
"3485","856","12"
"3486","856","41"
"3487","856","20"
"3488","856","17"
"3489","857","13"
"3490","857","12"
"3491","857","20"
"3492","1046","13"
"3493","1046","20"
"3494","1046","17"
"3495","849","13"
"3496","849","11"
"3497","849","12"
"3498","849","20"
"3499","4030","20"
"3500","3903","20"
"3501","4031","13"
"3502","4032","13"
"3503","4033","13"
"3504","4034","13"
"3505","4035","13"
"3506","4036","13"
"3507","4037","13"
"3508","4038","13"
"3509","4039","13"
"3510","1029","78"
"3511","1029","17"
"3512","1029","15"
"3513","4022","16"
"3514","4022","9"
"3515","4022","86"
"3516","4022","13"
"3517","4022","80"
"3518","4022","15"
"3519","3919","13"
"3520","3919","20"
"3521","3919","15"
"3522","4040","13"
"3523","4041","13"
"3524","4042","13"
"3525","4042","10"
"3526","4042","80"
"3527","4043","13"
"3528","4044","13"
"3529","4045","13"
"3530","4046","13"
"3531","4047","13"
"3533","3647","86"
"3535","3810","86"
"3536","3788","86"
"3537","4048","12"
"3538","4049","13"
"3539","4049","12"
"3540","4049","19"
"3541","4050","16"
"3542","4051","16"
"3543","4052","16"
"3544","4053","16"
"3545","4054","16"
"3546","4055","16"
"3547","4056","16"
"3548","4056","13"
"3549","4056","12"
"3550","4057","16"
"3551","4058","89"
"3552","4059","82"
"3553","4059","49"
"3554","4059","13"
"3555","4060","15"
"3556","4061","15"
"3557","4062","13"
"3558","4062","71"
"3559","4063","13"
"3560","4064","76"
"3561","4065","90"
"3562","4066","90"
"3563","4067","90"
"3564","4068","90"
"3565","4069","90"
"3566","4070","21"
"3567","4070","41"
"3568","4070","20"
"3569","4070","17"
"3570","179","74"
"3571","771","74"
"3579","4075","91"
"3580","4074","55"
"3581","4072","55"
"3582","4073","55"
"3583","4076","55"
"3584","4071","55"
