product_id,category_id,product_name,grade,quality,quantity_20,quantity_40,bulk_qty,commission,unit,del_place,country
1,1,HULLED SESAME SEED - 99.98%,Clean,"Purity 99% max, Mositure below 12%",18,26,0,0.5,percent,Mundra,101
2,1,HULLED SESAME SEED - 99.97%,Clean,"Purity 99% max, Mositure below 12%",18,26,0,0.5,percent,Mundra,101
3,1,HULLED SESAME SEED - 99.95%,Clean,"Purity 99% max, Mositure below 12%",18,26,0,0.5,percent,Mundra,101
4,1,HULLED SESAME SEED - 99.90%,Clean,"Purity 99% max, Mositure below 12%",18,26,0,0.5,percent,Mundra,101
5,1,NATURAL SESAME SEED - 99.1.1,Clean,"Purity 99% max, Mositure below 7%",18,26,0,0.5,percent,Mundra,101
6,1,NATURAL SESAME SEED - SORTEX,Clean,"Purity 99% max, Mositure below 12%",18,26,0,0.5,percent,Mundra,101
7,1,BLACK SESAME SEED - 99.1.1,Clean,"Purity 99% max, Mositure below 7%",18,26,0,0.5,percent,Mundra,101
8,1,JET BLACK SESAME SEED - SORTEX,Clean,"Purity 99% max, Mositure below 12%",18,26,0,0.5,percent,Mundra,101
9,1,BLACK SUNFLOWER SEED,Clean,"Purity 99% max, Mositure below 7%",13,25,0,0.5,percent,Mumbai,101
10,1,STRIP SUNFLOWER SEED,Clean,"Purity 99% max, Mositure below 7%",13,25,0,0.5,percent,Mumbai,101
11,1,NIGER SEED,Clean,"Purity 99% max, Mositure below 7%",18,26,19,0.5,percent,Mumbai,101
12,1,SAFFLOWER SEED,Clean,"Purity 99% max, Mositure below 7%",18,26,19,0.5,percent,Mumbai,101
13,1,LINSEED,Clean,"Purity 99% max, Mositure below 7%",20,0,0,0.5,percent,Mumbai,101
14,1,SOYABEAN,Clean,"Purity 99% max, Mositure below 7%",20,26,0,0.5,percent,Mumbai,101
15,1,YELLOW MUSTARD SEED,Clean,"Purity 99% max, Mositure below 7%",20,26,0,0.5,percent,Mumbai,101
16,1,BLACK MUSTARD SEED,Clean,"Purity 99% max, Mositure below 7%",20,26,0,0.5,percent,Mumbai,101
17,1,YELLOW MILLET,Clean,"Purity 99% max, Mositure below 12%",24,0,25,0.5,percent,Mumbai,101
18,1,RED MILLET,Clean,"Purity 99% max, Mositure below 12%",18,0,0,0.5,percent,Mumbai,101
19,1,YELLOW SORGHUM,Clean,"Purity 99% max, Mositure below 12%",24,0,0,0.5,percent,Mumbai,101
20,1,WHITE SORGHUM,Clean,"Purity 99% max, Mositure below 12%",24,0,0,0.5,percent,Mumbai,101
21,1,RED SORGHUM,Clean,"Purity 99% max, Mositure below 12%",24,0,0,0.5,percent,Mumbai,101
22,1,CREAMISH SORGHUM,Clean,"Purity 99% max, Mositure below 12%",24,0,0,0.5,percent,Mumbai,101
23,1,GREY MILLET/JAP MILLET,Clean,"Purity 99% max, Mositure below 12%",20,0,21,0.5,percent,Mumbai,101
24,1,NORMAL MAIZE/CORN,Clean,"Purity 99% max, Mositure below 12%",24,0,25,0.5,percent,Mumbai,101
25,1,SMALL YELLOW MAIZE,Clean,"Purity 99% max, Mositure below 12%",24,0,0,0.5,percent,Mumbai,101
26,1,GREEN MILLET,Clean,"Purity 99% max, Mositure below 12%",24,0,0,0.5,percent,Mumbai,101
27,1,CUMIN SEED - SINGAPORE QUALITY,Clean,"Purity 99% max, Mositure below 12%",14,27,0,0.5,percent,Mumbai,101
28,1,BLACK CUMIN SEED,Clean,"Purity 99% max, Mositure below 12%",17,0,0,0.5,percent,Mumbai,101
29,1,CORIANDER SEEDS - EAGLE QUALITY,Clean,"Purity 99% max, Mositure below 7%",10,20,0,0.5,percent,Mumbai,101
30,1,FENNEL SEED -COLOMBO,Clean,"Purity 99% max, Mositure below 7%",14,27,0,0.5,percent,Mumbai,101
31,1,CASSIA TORA,Clean,"Purity 99% max, Mositure below 12%",24,0,0,0.5,percent,Mumbai,101
32,1,CORIANDER SEEDS - SCOOTER QUALITY,Clean,"Purity 99% max, Mositure below 7%",10,20,0,0.5,percent,Mumbai,101
33,1,CORIANDER SEEDS - PARROT QUALITY,Clean,"Purity 99% max, Mositure below 7%",10,20,0,0.5,percent,Mumbai,101
34,1,CUMIN SEEDS - EUROPE QUALITY,Clean,"Purity 99% max, Mositure below 12%",14,27,0,0.5,percent,Mumbai,101
35,1,BROWN SESAME SEED (DS) - 3% FFA ,Clean,"Purity 99% max, Mositure below 7%",18,26,0,0.5,percent,Kolkata,101
36,1,BROWN SESAME SEED (DS) - 2% FFA ,Clean,"Purity 99% max, Mositure below 7%",18,26,0,0.5,percent,Kolkata,101
37,1,BROWN SESAME SEED (DS) - NO FFA ,Clean,"Purity 99% max, Mositure below 7%",18,26,0,0.5,percent,Kolkata,101
38,1,BROWN SESAME SEED (SS) - 3% FFA ,Clean,"Purity 99% max, Mositure below 7%",18,26,0,0.5,percent,Mumbai,101
39,1,BROWN SESAME SEED (SS) - 2% FFA ,Clean,"Purity 99% max, Mositure below 7%",18,26,0,0.5,percent,Mumbai,101
40,1,BROWN SESAME SEED (SS) - NO FFA ,Clean,"Purity 99% max, Mositure below 7%",18,26,0,0.5,percent,Mumbai,101
41,1,WHITE MAIZE,Clean,"Purity 99% max, Mositure below 12%",24,0,0,0.5,percent,Mumbai,101
42,1,KRANTI RICE(PARBOILED) - WHITE SELLA ,Clean,"Purity 99% max, Mositure below 12%",26,0,0,7,perqntl,Mumbai,101
43,1,KRANTI RICE(PARBOILED) - REGULAR,Clean,"Purity 99% max, Mositure below 12%",26,0,0,7,perqntl,Mundra,101
44,0,RAW RICE - MEDIUM BOLD,Clean,"Purity 99% max, Mositure below 12%",26,0,0,7,perqntl,Mumbai,101
45,0,RAW RICE - BOLD,Clean,"Purity 99% max, Mositure below 12%",26,0,0,7,perqntl,Mumbai,101
46,1,IR-8 - PARBOILED-5%,Clean,"Purity 99% max, Mositure below 12%",26,0,0,7,perqntl,Mumbai,101
47,1,IR-8 (PARBOILED) - WHITE SELLA-10%,Clean,"Purity 99% max, Mositure below 12%",26,0,0,7,perqntl,Mumbai,101
48,1,IR - 64 (PARBOILED) -10%,Clean,"Purity 99% max, Mositure below 12%",26,0,0,7,perqntl,Mumbai,101
49,1,IR - 64 (RAW RICE)-5%,Clean,"Purity 99% max, Mositure below 12%",26,0,0,7,perqntl,Mumbai,101
50,1,FENUGREEK FAQ,Clean,"Purity 99% max, Mositure below 7%",22,0,0,0.5,percent,Mundra,101
51,1,FENUGREEK ,Clean,"Purity 99% max, Mositure below 7%",22,0,0,0.5,percent,Mundra,101
52,1,FENNEL SEED - SINGAPORE,Clean,"Purity 99% max, Mositure below 7%",14,27,0,0.5,percent,Mundra,101
53,1,FENNEL SEED - EUROPE,Clean,"Purity 99% max, Mositure below 7%",14,27,0,0.5,percent,Mundra,101
55,0,IR - 64 (PARBOILED) -5%,Clean,"Purity 99% max, Mositure below 12%",26,0,0,7,percent,Mumbai,101
56,0,IR - 64 (RAW RICE)-10%,Clean,"Purity 99% max, Mositure below 12%",26,0,0,7,percent,Mumbai,101
57,0,IR-8 (PARBOILED) - WHITE SELLA -5%,Clean,"Purity 99% max, Mositure below 12%",26,0,0,7,percent,Mumbai,101
58,0,IR-8 - PARBOILED- 10%,Clean,"Purity 99% max, Mositure below 12%",26,0,0,7,percent,Mumbai,101
59,0,NATURAL SESAME SEED - 98.2,Unclean,"Purity 98% max, Mositure below 7%",19,26,19,0.5,percent,Mumbai,101
60,0,CHEAKPEASE (40-42) 12 MM,Clean,"Defect 4.2, Weevils 0.5, Moisture 14%",24,0,0,0.5,percent,Mumbai,101
61,0,CHEAKPEASE (42-44) 11 MM,Clean,"Defect 4.2, Weevils 0.5, Moisture 14%",24,0,0,0.5,percent,Mumbai,101
62,0,CHEAKPEASE (44-46) 10 MM,Clean,"Defect 4.2, Viwels 0.5, Moisture 14%",24,0,0,0.5,percent,Mumbai,101
63,0,CHEAKPEASE (58-60) ,Clean,"Defect 6.2, Viwels 0.5, Moisture 14%",24,0,0,0.5,percent,Mumbai,101
64,0,CHEAKPEASE (60-62) ,Clean,"Defect 6.2, Viwels 0.5, Moisture 14%",24,0,0,0.5,percent,Mumbai,101
65,0,CHEAKPEASE (62-64) ,Clean,"Defect 6.2, Viwels 0.5, Moisture 14%",24,0,0,0.5,percent,Mumbai,101
66,0,CHEAKPEASE (64-66) ,Clean,"Purity 99% max, Mositure below 12%",24,0,25,0.5,percent,Mumbai,101
67,0,MOTA RICE - PARBOILED -5 %,Clean,"5% Broken, Sortex Quality, Moisture 14%",26,28,0,7,perqntl,Nagpur,101
68,0,MOTA RICE - PARBOILED -10 %,Clean,"10% Broken, Sortex Quality, Moisture 14%",26,28,0,7,perqntl,Nagpur,101
69,0,RAW RICE -100% BROKEN (SILKY SORTEX),Clean,"100% Broken, Sortex Quality, Moisture 14%",26,28,0,7,perqntl,Nagpur,101
70,0,SUNHEMP SEED,Clean,"Purity 99% max, Mositure below 12%",0,0,0,0.5,percent,Mumbai,101
71,0,YELLOW MILLET (RUSSIAN ORIGIN),Clean,"Purity 99% max, Mositure below 14%",22,28,30,0.5,percent,Mumbai,181
72,0,RED MILLET (RUSSIAN ORIGIN),Clean,"Purity 99% max, Mositure below 14%",22,28,30,0.5,percent,Mumbai,181
73,0,SAFFLOWER SEED (RUSSIAN ORIGIN),Clean,"Purity 99% max, Mositure below 7%",18,28,20,0,percent,Mumbai,181
74,0,NIGER SEED (ETHIOPIAN ORIGIN),Clean,"Purity 98% max, Mositure below 8%",19,26,20,0,percent,Mumbai,69
75,0,BLACK MILLET,Clean,"Purity 99% max, Mositure below 12%",23,28,24,0,percent,Mumbai,181
76,0,YELLOW CORN,Clean,"Purity 99% max, Mositure below 14%",19,28,25,1,percent,Mumbai,150
77,0,POPCORN,Clean,"Purity 99% max, Mositure below 12%",24,28,25,0,percent,Mumbai,101
78,0,BUCKWHEAT,Clean,"Purity 99% max, Mositure below 12%",20,26,50,0,percent,Mumbai,101
79,0,CANARY SEED,Clean,"Purity 99% max, Mositure below 12%",23,28,50,0,percent,Mumbai,101
80,0,SUNFLOWER KERNELS,Clean,"Purity 99% max, Mositure below 12%",20,26,50,0,percent,Mumbai,33
81,0,PEANUTS (INSHELL),Clean,"Purity 99% max, Mositure below 8%",18,25,18,0,percent,Mumbai,101
82,0,GREEN PEAS,Clean,"Purity 99% max, Mositure below 12%",23,28,50,0,percent,Mumbai,101
83,0,HEMPSEED,Clean,"Purity 99% max, Mositure below 12%",20,26,50,0,percent,Mumbai,101
84,0,INDIAN MILLED PARBOILED LONG GRAIN RICE,Clean,"Purity 99% max, Mositure below 12%",0,0,0,0,percent,Mumbai,101
85,0,INDIAN MILLED WHITE LONG GRAIN BASMATI RICE,Clean,"Purity 99% max, Mositure below 12%",26,0,0,0,percent,Mumbai,101
86,0,CORIANDER,Clean,"Purity 99% max, Mositure below 12%",12,22,13,0,percent,Mumbai,181
87,0,GREEN MOONG BEANS,Clean,"Purity 99% max, Mositure below 12%",0,0,0,0,percent,Mumbai,101
88,0,PEANUTS ,Clean,"Purity 99% max, Mositure below 12%",24,29,0,0,perqntl,Mumbai,101
89,0,WHITE MUSTARD,Clean,"Purity 99% max, Mositure below 12%",20,26,0,0,perqntl,Mumbai,228
90,0,WHEAT,Clean,"Purity 99% max, Mositure below 12%",25,27,0,0,percent,Mumbai,228
91,0,BASMATI RICE,Clean,"Purity 99% max, Mositure below 12%",22,25,25,0,percent,Mumbai,101
